model,split,threshold,accuracy,balanced_accuracy,precision,recall,specificity,f1,predicted_positive_rate,selected
MLP,test,0.01,0.623783597675404,0.5476639034892,0.610035924907406,0.9915608134949472,0.1037669934834529,0.7553558314132506,0.9520703432411163,False
MLP,test,0.02,0.6493337217749259,0.5823431485543533,0.6299067061977026,0.9730030003843334,0.19168329672437334,0.7647356711058877,0.9047801017010715,False
MLP,test,0.03,0.6692388310430414,0.6112711950783978,0.648741287449071,0.9493132058896673,0.2732291842671282,0.770760539078469,0.8571228585265452,False
MLP,test,0.04,0.682452781645378,0.6328110405916932,0.6650899342989364,0.9223000578114958,0.3433220233718907,0.7728566866397112,0.8122635298746897,True
MLP,test,0.05,0.6908124735153459,0.6487432700872128,0.679384985397698,0.894072545352957,0.4034139948214685,0.7720824379407528,0.7708358556813366,False
MLP,test,0.06,0.6957007839457594,0.6602904489566928,0.6917214361194877,0.8667881031047034,0.453792794808682,0.7694221901129129,0.7339843513529875,False
MLP,test,0.07,0.6973863429989708,0.6676725269715627,0.7016483472065406,0.8409505630968875,0.4943944908462378,0.7650097102211463,0.7020306162600641,False
MLP,test,0.08,0.697842257400569,0.6731212549452645,0.7104199302642883,0.8172833764497283,0.5289591334408008,0.760114083345724,0.67384905260609,False
MLP,test,0.09,0.6978706338156063,0.6775740043837819,0.7185618441424394,0.7959351090182704,0.5592128997492933,0.7552720374382847,0.6488115957382408,False
MLP,test,0.1,0.6974582299170652,0.6810856485932075,0.7260053926911824,0.7765634133974104,0.5856078837890045,0.7504338218771067,0.6265304346510079,False
MLP,test,0.11,0.697265270294812,0.6844323381987104,0.7333248071470236,0.7592684100546787,0.6095962663427421,0.7460711384177923,0.606462633936679,False
MLP,test,0.12,0.69643289545372,0.6867686322488903,0.7397861908206735,0.7431264069347957,0.6304108575629849,0.7414525370094674,0.5883849657969611,False
MLP,test,0.13,0.6953962104243598,0.6886283804000732,0.7458289911170661,0.7280954180352489,0.6491613427648975,0.736855523523759,0.5718131394152188,False
MLP,test,0.14,0.6944768145771536,0.6903669897957649,0.7517171998681299,0.714333698288586,0.666400281302944,0.7325488195861265,0.5566109479992736,False
MLP,test,0.15,0.6931431230704038,0.6914631744959983,0.7569743199994422,0.7012599030446311,0.6816664459473653,0.7280527776147804,0.5426289424299292,False
MLP,test,0.16,0.6916164719414009,0.6921640272595204,0.7617762065456104,0.6889709230784137,0.6953571314406273,0.7235467098100268,0.5297592923300442,False
MLP,test,0.17,0.6901654912524972,0.692747653605202,0.7663211791860227,0.6776896071725012,0.7078057000379029,0.7192853457835641,0.5179944306556087,False
MLP,test,0.18,0.6886842423875538,0.6931543711589034,0.7706066044106509,0.6670865266917937,0.7192222156260132,0.7151196205380328,0.5070543767782554,False
MLP,test,0.19,0.6872616381136872,0.6935135542437685,0.7748016742010794,0.6570551017837591,0.7299720067037779,0.7110870325061167,0.49672536170470366,False
MLP,test,0.2,0.6856385071735577,0.6935631930545852,0.7786349986986298,0.6473498758183234,0.7397765102908471,0.7069489708102312,0.4869790090199165,False
MLP,test,0.21,0.6839548398813488,0.69349965875361,0.7823913224335535,0.6378384314029462,0.7491608861042739,0.7027584832612161,0.4775202040075065,False
MLP,test,0.22,0.6822900901991646,0.6933687158067479,0.7860191132949237,0.6287629954752008,0.7579744361382951,0.6986513741055216,0.4685532568557419,False
MLP,test,0.23,0.6807256038501119,0.6932605247656513,0.7896102507586911,0.6201623243450991,0.7663587251862034,0.6947028720588847,0.4600422241055754,False
MLP,test,0.24,0.6791119317149948,0.6930582080864054,0.7931226524519185,0.6117295972250482,0.7743868189477626,0.6907154839180221,0.4517771202857316,False
MLP,test,0.25,0.6772390883225377,0.6925236936308985,0.7962273961276685,0.6033905311875256,0.7816568560742713,0.6865246037782996,0.44388090986137174,False
MLP,test,0.26,0.6754173224771475,0.6920267639123505,0.7994447095570691,0.5951677340800382,0.7888857937446628,0.6823454049620744,0.43606982868212363,False
MLP,test,0.27,0.6737279799019311,0.6915907337957004,0.80263186927147,0.5874229314626954,0.7957585361287053,0.678368025899141,0.4286862854894364,False
MLP,test,0.28,0.6722410557539803,0.6913288291415867,0.8060294335456247,0.5800172465579552,0.8026404117252182,0.6745962879906242,0.42149759368000483,False
MLP,test,0.29,0.6704703674556571,0.690790606249676,0.809270228672948,0.5722918220956182,0.8092893904037337,0.6704566522760724,0.41421809734245413,False
MLP,test,0.3,0.6686637356982869,0.6901989737455234,0.8125116192600855,0.564614843020796,0.8157831044702508,0.6662512600350238,0.40703129729402504,False
MLP,test,0.31,0.666756840607785,0.6894662724701229,0.8155754371695811,0.5570347547210031,0.8218977902192428,0.6619561275069517,0.40005826623887647,False
MLP,test,0.32,0.6649104818693625,0.6887839093610038,0.8187697282315806,0.5495644759662432,0.8280033427557641,0.657685462005098,0.39315333857981716,False
MLP,test,0.33,0.6630565560869301,0.6880783754452042,0.8219958867887572,0.542162020754004,0.8339947301364046,0.6533773671929582,0.3863354319268721,False
MLP,test,0.34,0.6610248047702646,0.6871842808541665,0.8250777542964233,0.5346336075342266,0.8397349541741064,0.6488351993791388,0.3795477934499667,False
MLP,test,0.35,0.6590214298686361,0.6863317888354317,0.8283715807052541,0.5270696676969385,0.8455939099739247,0.644232325505197,0.3726901598159695,False
MLP,test,0.36,0.6569896785519704,0.6854290043051212,0.8316420688050867,0.519583240479674,0.8512747681305685,0.6395784301253101,0.36595170712512864,False
MLP,test,0.37,0.6550203553483867,0.6845467553145873,0.8348911132863894,0.5123616480474894,0.8567318625816852,0.6350199443200217,0.3594610751256129,False
MLP,test,0.38,0.6530585991888129,0.6836702972521882,0.8382594901092776,0.5051562040778097,0.8621843904265667,0.6304109500701307,0.35298179369211213,False
MLP,test,0.39,0.6509114504509959,0.6825667331999266,0.8412850844646209,0.49796690857063497,0.867166557829218,0.6256210704424233,0.34670682244687934,False
MLP,test,0.4,0.6486110690719777,0.6812722054833332,0.8440079087384895,0.490806680295969,0.8717377306706975,0.6206775431352247,0.3406191355408923,False
MLP,test,0.41,0.646382574611054,0.6800497372341326,0.8469255041223239,0.48371750525632456,0.8763819692119408,0.6157514661777009,0.33454279920092017,False
MLP,test,0.42,0.6440273321629638,0.6786709453917157,0.8496030672339053,0.47664447867918497,0.8806974121042465,0.6106832956092474,0.3286121284581391,False
MLP,test,0.43,0.641649388582844,0.6772440317490062,0.8521910856392766,0.46967157256957565,0.8848164909284367,0.6055847403455951,0.3228214480295417,False
MLP,test,0.44,0.6389668714813246,0.6755110043361358,0.8544419379095499,0.46240153474987644,0.8886204739223951,0.6000641255351653,0.3169872570978873,False
MLP,test,0.45,0.6365889279012047,0.6740513363069367,0.857003991518782,0.455586883572815,0.8925157890410583,0.5949146609422512,0.31138196924753314,False
MLP,test,0.46,0.6342734124341667,0.6726422843765352,0.8596708251637524,0.4488917310182898,0.8963928377347806,0.5898061548384906,0.3058542435982808,False
MLP,test,0.47,0.6320184333192082,0.6712815652418136,0.8624407262101929,0.4423160770863006,0.9002470533973267,0.5847394668078493,0.3004059719111326,False
MLP,test,0.48,0.6295875204310188,0.6697432586742442,0.8650404731055893,0.43557247914426067,0.9039140382042278,0.5794003862239626,0.2949368908529572,False
MLP,test,0.49,0.6270355348386706,0.668114302627119,0.8677744861457168,0.42856081672463964,0.9076677885295985,0.5737622692091495,0.28927485017252863,False
MLP,test,0.5,0.624528951510382,0.6664973646153203,0.8704407294832827,0.42175585462508114,0.9112388746055594,0.5682006565851048,0.28380955263635815,False
MLP,test,0.51,0.6221737090622919,0.6650350156645116,0.8734733823119635,0.4150865396105637,0.9149834917184596,0.5627476651064222,0.27835182214419757,False
MLP,test,0.52,0.6195498365518494,0.6632965665654342,0.876140365471536,0.40818468673597585,0.9184084463948927,0.556910542237028,0.27289030813003207,False
MLP,test,0.53,0.6168332677522852,0.6614415564155235,0.8785742568656844,0.40130544170889487,0.9215776711221522,0.550952766292359,0.26754797505902295,False
MLP,test,0.54,0.6141621012167807,0.6596313186874287,0.8811774042276892,0.3944746420693286,0.9247879953055288,0.5449795532274221,0.2622169925540287,False
MLP,test,0.55,0.6115382287063381,0.6578774950804073,0.884045695261805,0.38764707212226324,0.9281079180385513,0.5389630800456223,0.2568424995459774,False
MLP,test,0.56,0.6088084175797567,0.6560178655754144,0.8868550534916264,0.3807129223226657,0.9313228088281632,0.532732264515473,0.2514490889279012,False
MLP,test,0.57,0.6061240087172347,0.6541401735467269,0.8892991762691826,0.3741308090056746,0.9341495380877793,0.5266840650347361,0.24642267994430656,False
MLP,test,0.58,0.6035474302318542,0.6523498485562473,0.8918504014098296,0.367755396008746,0.9369443011037487,0.5207705430114657,0.24153058599188812,False
MLP,test,0.59,0.6009784187904836,0.6505445923310215,0.8943087482122454,0.36149625194185264,0.9395929327201903,0.5148717524103923,0.23676713178763847,False
MLP,test,0.6,0.598373463890066,0.6486832526660853,0.8966062463323988,0.3552984720324778,0.9420680332996927,0.5089250398428953,0.2321115079605303,False
MLP,test,0.61,0.5957287820085961,0.6467793112906159,0.898893878908849,0.3490748545830951,0.9444837679981368,0.5028671658908453,0.22746534293843454,False
MLP,test,0.62,0.5930292390580544,0.6448051433835329,0.9010142159983026,0.34287061528871837,0.9467396714783475,0.49672009956673496,0.2228967401174405,False
MLP,test,0.63,0.590543465100793,0.6429974101379438,0.9031504443156155,0.3371088438669754,0.9488859764089121,0.49096185776979195,0.2186327108178461,False
MLP,test,0.64,0.588086067558569,0.6411998619919023,0.9052340042690564,0.3314633413752677,0.9509363826085369,0.4852470797941376,0.21447651189539318,False
MLP,test,0.65,0.5854697620921363,0.6392760251569595,0.9074325845225769,0.3255013290184641,0.9530507212954549,0.47913437859526686,0.21010843574066226,False
MLP,test,0.66,0.582936694109813,0.6374005140235557,0.9095050887313076,0.31979123267673687,0.9550097953703746,0.4732003966594583,0.20595223681820934,False
MLP,test,0.67,0.5804490283915491,0.6355450424078839,0.9114668715047166,0.3142490803450603,0.9568410044707075,0.46736378963345804,0.20194737877595495,False
MLP,test,0.68,0.5780200072643622,0.6337516632495857,0.9136759407047759,0.30874891401589655,0.9587544124832748,0.46153586188250745,0.19793306192868818,False
MLP,test,0.69,0.5753923512319148,0.6317412647974197,0.915314401622718,0.3031389381416995,0.9603435914531397,0.45544203740680445,0.19398874023851323,False
MLP,test,0.7,0.5728063139415219,0.6297804305569742,0.9172134330290027,0.29753219196000347,0.9620286691539449,0.44931303741348955,0.19000658332828863,False
MLP,test,0.71,0.5702467613051637,0.6278575786719796,0.9194014363899005,0.29189637854579864,0.9638187787981606,0.443111423801691,0.18596389006598463,False
MLP,test,0.72,0.5678139566559719,0.626058964450579,0.9219516759544207,0.28639944190913585,0.9657184869920221,0.4370359600897955,0.18195714026272777,False
MLP,test,0.73,0.5651049549004177,0.6239884860057818,0.9240119964265964,0.28060537356238313,0.9673715984491805,0.4304814755174592,0.1778785035413766,False
MLP,test,0.74,0.5626229644651614,0.6221258267052531,0.9264600326264274,0.27513104477322714,0.969120608637279,0.4242673260669809,0.173947424178219,False
MLP,test,0.75,0.559932880319632,0.6200741705504293,0.9287718829346518,0.2693563545814803,0.9707919865193784,0.41760239144966615,0.16987257097887282,False
MLP,test,0.76,0.5571576669289908,0.6179197657553126,0.9307194909165555,0.26358166438973346,0.9722578671208918,0.4108186472160558,0.1658828470246383,False
MLP,test,0.77,0.5543786700163448,0.6157494305872193,0.9325694395776392,0.2578618789705032,0.9736369822039355,0.4040117295523491,0.16196122646649314,False
MLP,test,0.78,0.5516885858708154,0.6136616777615704,0.934652019911928,0.2522615921738091,0.9750617633493317,0.3972939635549791,0.15809068345541497,False
MLP,test,0.79,0.5489720170712513,0.6115419586922747,0.9366782770800628,0.24666130537711503,0.9764226120074344,0.39049194325639186,0.15424662509837156,False
MLP,test,0.8,0.5461703190265754,0.6093495715417071,0.9387734554927698,0.240915682417877,0.9777834606655372,0.3834319404964455,0.15031743749621648,False
MLP,test,0.81,0.5433534868938797,0.6071496132760725,0.9410662116393909,0.2351183843786233,0.9791808421735219,0.37623680504412316,0.14634284763000183,False
MLP,test,0.82,0.5401866789757249,0.6046355339461537,0.9430762267366011,0.22879787615421135,0.980473191738096,0.3682542983014724,0.14210530298444216,False
MLP,test,0.83,0.5370595980386222,0.6021640563267677,0.9453844359364922,0.22250320546980723,0.9818249071837283,0.36022483660130716,0.13785829953387008,False
MLP,test,0.84,0.5337698256553061,0.5995323113100915,0.9473699119055038,0.21603413139035033,0.9830304912298328,0.35183690000604895,0.13356967734124342,False
MLP,test,0.85,0.5305386978630667,0.5969666694919916,0.9498258247709376,0.20958766515840027,0.984345673825583,0.34340082921240694,0.12924889521157454,False
MLP,test,0.86,0.5269235425873237,0.5940685346869726,0.9522088414402649,0.20250817919625871,0.9856288901776866,0.3339867261822327,0.12457057025243659,False
MLP,test,0.87,0.5233310884436104,0.5911790827270854,0.9545569221065909,0.19551912462414453,0.9868390408300264,0.32455963993813114,0.11997548277740783,False
MLP,test,0.88,0.5194359525394999,0.5880332607377214,0.9570242498972462,0.1880036301743711,0.9880628913010718,0.31427013486227634,0.11506636297596706,False
MLP,test,0.89,0.5154216356922332,0.5847636443579612,0.9591468754829736,0.18039124494956835,0.9891360437663541,0.30366987440874244,0.11016291845753375,False
MLP,test,0.9,0.5109570797263757,0.5811310851903331,0.9618352337411229,0.17190684274950183,0.9903553276311643,0.29168196489536014,0.10468816211635087,False
MLP,test,0.91,0.5059703977238331,0.577047480802633,0.9644917121778289,0.16255688295917345,0.9915380786460926,0.27822183896609287,0.09872154791452267,False
MLP,test,0.92,0.5005618530177371,0.572608444899144,0.9674755092839283,0.1524640938936204,0.9927527959046675,0.2634164850831843,0.09230658635510625,False
MLP,test,0.93,0.49463685755796355,0.567710507633859,0.9701664305949008,0.14157680047282697,0.9938442147948909,0.2470949322315261,0.08547732913614625,False
MLP,test,0.94,0.4881500090804528,0.5623182549811019,0.9726289295999613,0.1298013416142649,0.9948351683479388,0.22903678037771977,0.07816945638355832,False
MLP,test,0.95,0.4809726678370361,0.5563258881370424,0.9749494949494949,0.11689872007286187,0.9957530562012229,0.208765919158361,0.07023162721714389,False
XGBoost,test,0.01,0.59086128094921,0.5061996183316827,0.5887647500689367,0.9999095686099726,0.01248966805339276,0.7411355497251852,0.9947730643501422,False
XGBoost,test,0.02,0.6086022156304861,0.527985433900603,0.5996709039082101,0.9981074001944275,0.05786346760677867,0.7492102819711556,0.9749209243900963,False
XGBoost,test,0.03,0.6286567740177977,0.5537188226487821,0.6132916681661329,0.9907243231371942,0.11671332216037007,0.757602138786498,0.946217234699437,False
XGBoost,test,0.04,0.6481324535383498,0.5796800018608159,0.6281005265895606,0.9788648922736066,0.18049511144802516,0.7652007281302151,0.9128484623766572,False
XGBoost,test,0.05,0.6636392184756946,0.6011589697478271,0.6414189960435637,0.9655165731670687,0.2368013663285856,0.7707846946576202,0.8817044009927961,False
XGBoost,test,0.06,0.675901613293783,0.6187000137115012,0.6531987576263751,0.9522748339130631,0.2851251935099392,0.7748800624424294,0.8539295659543555,False
XGBoost,test,0.07,0.6842480628367335,0.6316135518380332,0.6627395173392081,0.938555100168913,0.3246720035071536,0.7768933302856654,0.829510714934318,False
XGBoost,test,0.08,0.6902884557176584,0.6415739554199321,0.6707340190262225,0.9256557083200109,0.3574922025198533,0.777841103385387,0.8083589351655669,False
XGBoost,test,0.09,0.6951162297959925,0.6498929521767776,0.6778864933129162,0.9136154146763686,0.3861704896771866,0.7782931915853651,0.7894261910527272,True
XGBoost,test,0.1,0.6985649101035172,0.65651867731559,0.6841270852527787,0.9017139978102685,0.4113233568209114,0.7779934265065881,0.7720352321569103,False
XGBoost,test,0.11,0.7009523124886494,0.6618855284820317,0.6897167293430745,0.8897060010916361,0.4340650558724273,0.7770498693290722,0.7555806949573218,False
XGBoost,test,0.12,0.7025886857557964,0.6664221123936307,0.6949628655561724,0.8773298194278922,0.4555144053593691,0.7755701609127142,0.739445865367153,False
XGBoost,test,0.13,0.7031448634905261,0.6698842109304943,0.699756431286676,0.8638458532363134,0.4759225686246752,0.7731911080276357,0.7230934832616986,False
XGBoost,test,0.14,0.7027494854410073,0.6722452684367605,0.7039015911218077,0.8501325788771651,0.49435795799635585,0.7701370877018975,0.7074240268781403,False
XGBoost,test,0.15,0.7019417034929475,0.6740671215376228,0.7077421593458084,0.8366195454530774,0.5115146976221682,0.7668034266972157,0.6924015527574309,False
XGBoost,test,0.16,0.7012360766390218,0.6759146783042351,0.7116877752535542,0.8235780471341324,0.528251309474338,0.7635556260882453,0.6778293177553121,False
XGBoost,test,0.17,0.7001312882135723,0.6772737735443579,0.7153639613036364,0.810568845740197,0.5439787013485188,0.7599964267382934,0.6636940795447667,False
XGBoost,test,0.18,0.6989016435619589,0.6784200042900743,0.7189433492232563,0.7978600057488526,0.5589800028312959,0.756348728876479,0.6500355651068467,False
XGBoost,test,0.19,0.6975584932501967,0.679367738816957,0.722425869925558,0.7854482974675981,0.5732871801663157,0.7526200552404974,0.6368386403535323,False
XGBoost,test,0.2,0.6963345238815909,0.6803062448176762,0.7258806812156688,0.7737761887690673,0.5868363008662852,0.7490636001525753,0.6243889611961984,False
XGBoost,test,0.21,0.695055693443913,0.6811103524275368,0.7292661001084307,0.7624335087056361,0.5997871961494377,0.7454810716586456,0.6123800623524427,False
XGBoost,test,0.22,0.6939698226284884,0.6819942803328214,0.7326866362202841,0.7518304282249287,0.612158132440714,0.742135096533959,0.6010446304255705,False
XGBoost,test,0.23,0.6929842151461952,0.682879569524123,0.7360926833958273,0.7418054627018962,0.6239536763463497,0.7389380317441934,0.5902861856044554,False
XGBoost,test,0.24,0.6917772716266117,0.6834983807075299,0.7393443799802909,0.7317772674863626,0.635219493928697,0.7355413619873881,0.5797452932986258,False
XGBoost,test,0.25,0.6904152037048248,0.6839847744983967,0.7426463743833194,0.721484237485749,0.6464853115110444,0.731912370112265,0.5690492765905927,False
XGBoost,test,0.26,0.688858284399782,0.6841925383717847,0.7457064218319944,0.7114011374976988,0.6569839392458706,0.7281499479347449,0.5587940401961378,False
XGBoost,test,0.27,0.6873448755977964,0.6844554920443466,0.748947163290576,0.7013051187396449,0.6676058653490485,0.724343599785175,0.548480159210606,False
XGBoost,test,0.28,0.6857974150977663,0.6846967315099384,0.7523159622977158,0.6911154388990625,0.6782780241208142,0.7204182700238694,0.5380906077849749,False
XGBoost,test,0.29,0.6837221532780434,0.6844032033063847,0.7553420335580094,0.6804316161058306,0.688374790506939,0.7159326273007933,0.5276499788122768,False
XGBoost,test,0.3,0.6819211968036806,0.6842903512597814,0.758467114348973,0.6704744741253186,0.6981062283942443,0.7117615495780283,0.5177863369453357,False
XGBoost,test,0.31,0.6799272807070645,0.684006768783824,0.7616054663050281,0.6602169707422156,0.7077965668254323,0.707296270987051,0.5077637871541861,False
XGBoost,test,0.32,0.6782455051758581,0.6840230587825539,0.7651182673126247,0.6503308819967251,0.7177152355683827,0.7030701708443755,0.49786420182819785,False
XGBoost,test,0.33,0.6764880592045523,0.6839326421486348,0.7686065078208566,0.640519076178757,0.7273462081185126,0.6987413129453629,0.488127307948423,False
XGBoost,test,0.34,0.6744373902778619,0.6835511484769948,0.7719657659937986,0.6304036792656971,0.7366986176882926,0.6940397350993377,0.4783279859555663,False
XGBoost,test,0.35,0.6723791543071614,0.6831364571456676,0.775372965641953,0.6204045512826724,0.7458683630086629,0.6892859513681192,0.4686724377988982,False
XGBoost,test,0.36,0.6700749894061384,0.682572665376686,0.7790143937143046,0.6096916612569317,0.7554536694964403,0.6840304010290694,0.45842666020945577,False
XGBoost,test,0.37,0.6678200102911799,0.6819632917606226,0.7825337268128162,0.5994858329538445,0.7644407505674008,0.6788874726375984,0.4487257097887281,False
XGBoost,test,0.38,0.6655555723712089,0.6813425016289711,0.7861916519086338,0.5892800046507572,0.7734049986071851,0.6736409552080103,0.4390342181730129,False
XGBoost,test,0.39,0.663393289545372,0.6808476836931399,0.7902129647585635,0.579061257577666,0.7826341098086136,0.6683565726470079,0.4292254373751438,False
XGBoost,test,0.4,0.6608677886070585,0.6799318514372705,0.7938038377800917,0.5687585384995495,0.7911051643749915,0.6626965759378634,0.41968150311762215,False
XGBoost,test,0.41,0.6584330921968642,0.6791008848269631,0.7976368365709225,0.558575318043969,0.799626451609957,0.6570362139214178,0.410186754646165,False
XGBoost,test,0.42,0.655625718869181,0.6779043330677429,0.8012646750474607,0.5479851563332655,0.8078235098022203,0.6508522558359434,0.4005879593195714,False
XGBoost,test,0.43,0.6525402566741328,0.6764122431622603,0.8046752166109518,0.5372012130725033,0.8156232732520173,0.6442806400508199,0.3910402415400448,False
XGBoost,test,0.44,0.6496061353592832,0.6750714000334322,0.8084334123387249,0.5265690653592872,0.8235737347075773,0.6377456723143511,0.38151900841455294,False
XGBoost,test,0.45,0.6464658120951632,0.6734709815549093,0.8118832006992509,0.5159885927260865,0.830953370383732,0.6309682489845164,0.372264513590411,False
XGBoost,test,0.46,0.6431741479508445,0.6717433807469485,0.8154418051761173,0.5051400556153048,0.8383467058785922,0.6238345854165379,0.3628473273200557,False
XGBoost,test,0.47,0.6400622011017616,0.6701411151443646,0.8191385257078688,0.49473398637715704,0.8455482439115722,0.6168873532112309,0.3537687662691446,False
XGBoost,test,0.48,0.6369180943156365,0.6685000333887812,0.8229531947119738,0.4843279171390092,0.8526721496385531,0.6097834705702958,0.34472236515527577,False
XGBoost,test,0.49,0.6334486046370845,0.666538416838617,0.8265697841564401,0.4735730411107558,0.8595037925664784,0.6021510233581918,0.33559272655729766,False
XGBoost,test,0.5,0.6297899388582844,0.6644066257241314,0.83024052592219,0.4625371818349175,0.8662760696133455,0.5940961246484306,0.3263230976451359,False
XGBoost,test,0.51,0.6258210242750771,0.6619150789494328,0.8333979262686549,0.45143026932405766,0.8723998885748079,0.5856363544948716,0.317280480053272,False
XGBoost,test,0.52,0.6220242599430958,0.6595845207777382,0.8369185083381395,0.4405494352882662,0.8786196062672104,0.5772418448074852,0.30833055875052967,False
XGBoost,test,0.53,0.6182331708941219,0.6572300634995085,0.8404675895518617,0.4298171671075197,0.8846429598914974,0.5687660132786005,0.2995490041770083,False
XGBoost,test,0.54,0.6142756068769296,0.6546653171507881,0.8436853944271802,0.41913011462178684,0.8902005196797895,0.5600405657629276,0.2909868938797748,False
XGBoost,test,0.55,0.6102688570736727,0.6520398680072754,0.8469415089538045,0.40844952152105596,0.8956302144934949,0.55111570130886,0.28248153641261575,False
XGBoost,test,0.56,0.6064853350687087,0.6496022968938517,0.8505022352226944,0.3981629509054443,0.9010416428822592,0.5424007708231132,0.2742145408317695,False
XGBoost,test,0.57,0.6025637145105636,0.6469833386017647,0.8537303036979652,0.3879474335248541,0.9060192436786754,0.5334757486798453,0.2661688812882136,False
XGBoost,test,0.58,0.5985607482293117,0.6442895942659697,0.8570726951524348,0.3776188769067297,0.9109603116252095,0.5242553458611892,0.25807214419759067,False
XGBoost,test,0.59,0.5943799564138265,0.6414206583922789,0.8603413692616281,0.3670997684310477,0.9157415483535101,0.5146171294556551,0.24993000484290817,False
XGBoost,test,0.6,0.590229432774381,0.6385661962918547,0.863750479035828,0.3566872398078979,0.9204451527758116,0.5048824196320814,0.24188245353834978,False
XGBoost,test,0.61,0.5858859495126824,0.6354995594363142,0.8668629242925425,0.3461745907172178,0.9248245281554107,0.4947677451220244,0.23391057267389068,False
XGBoost,test,0.62,0.5817902869423088,0.6326625157750004,0.8705045602878421,0.3359978296466393,0.9293272019033615,0.4848521567704486,0.22608435740662267,False
XGBoost,test,0.63,0.5776984078939403,0.6297692091450127,0.8738327866866287,0.3261149705936498,0.9334234476963755,0.47497060068676794,0.21859865911980145,False
XGBoost,test,0.64,0.5736803075246686,0.6269281862089198,0.8773317094575838,0.316409744628214,0.9374466277896256,0.4650861393706058,0.21124727586415643,False
XGBoost,test,0.65,0.5694503299231188,0.6238815675886883,0.8806975859220553,0.30646229172520484,0.9413008434521717,0.45469966696216785,0.2038240056904171,False
XGBoost,test,0.66,0.5652638628246262,0.6208627320360781,0.8842399152787138,0.2966343374447319,0.9450911266274243,0.4442402242337913,0.19649721532780434,False
XGBoost,test,0.67,0.5611209062291906,0.6178897278865019,0.8881832909974599,0.2868386800892687,0.9489407756837351,0.43363499429960867,0.18916474968218416,False
XGBoost,test,0.68,0.5570422695078394,0.6149221627012744,0.8918795430944964,0.277391829523911,0.9524524958786379,0.4231696832189039,0.18217658453901567,False
XGBoost,test,0.69,0.5530790302076397,0.6120223541214387,0.8955465237874491,0.26829055605615787,0.9557541521867194,0.41288712827981094,0.17547785882922695,False
XGBoost,test,0.7,0.5490949815364126,0.6091101298877846,0.8995638573398661,0.2591279184308862,0.9590923413446829,0.4023539559398021,0.16872805557237122,False
XGBoost,test,0.71,0.5451828197832799,0.6062057932622783,0.9032055091411193,0.25034638452072977,0.9620652020038268,0.39203131638040906,0.1623528209940069,False
XGBoost,test,0.72,0.5414238906713481,0.6034396122086001,0.9073445642952369,0.24179092908564176,0.9650882953315585,0.3818308397320324,0.15608920031478904,False
XGBoost,test,0.73,0.5374795689811732,0.6004717265260103,0.9110449192866429,0.23312889379802149,0.9678145592539992,0.3712563455040143,0.1498861159876506,False
XGBoost,test,0.74,0.5338095526363581,0.5977366566360072,0.9152047936295187,0.22494162330804485,0.9705316899639694,0.36112493777999005,0.14396490404988196,False
XGBoost,test,0.75,0.5300279223923966,0.5948869255680783,0.9193230094559408,0.21665746204303887,0.9731163890931177,0.3506718557646819,0.13804180035111085,False
XGBoost,test,0.76,0.5264903293177553,0.5922308036153855,0.9236845112266469,0.20886098434568046,0.9756006228850905,0.3406868103645832,0.13244597130576913,False
XGBoost,test,0.77,0.5228638234759974,0.589500120802654,0.9284061907675776,0.20090625171577414,0.9780939898895338,0.3303295011018772,0.1267536624493008,False
XGBoost,test,0.78,0.5193848749924329,0.5868639785247053,0.9330174858959573,0.19335523064848995,0.9803727264009207,0.3203270259207636,0.1213867364852594,False
XGBoost,test,0.79,0.5157943126097221,0.5840757414842714,0.9367838541666667,0.1858881815862312,0.9822633013823117,0.3102189092535849,0.11622979599249349,False
XGBoost,test,0.8,0.5124175192202918,0.5814726558976113,0.9410734626566246,0.17877316900657889,0.9841721427886437,0.30046736835248583,0.1112714904049882,False
XGBoost,test,0.81,0.5088761426236454,0.5787050142399419,0.9451079508036239,0.17149344210937675,0.985916586370507,0.2903091768951095,0.10628480840244567,False
XGBoost,test,0.82,0.5053934106180762,0.5759720583080935,0.9491832015515441,0.1643881186072274,0.9875559980089597,0.2802414859146981,0.10144379199709426,False
XGBoost,test,0.83,0.5018539257824324,0.5731565656885067,0.9527348104112482,0.15735061864759856,0.9889625127294149,0.2700934683061503,0.09673898238392155,False
XGBoost,test,0.84,0.4980685120164659,0.5701598867016432,0.9573440145352439,0.1497543818853007,0.9905653915179856,0.2589949757164282,0.09162555239421273,False
XGBoost,test,0.85,0.49440606271566073,0.5672247230246976,0.9612419979967775,0.14257800514812985,0.9918714409012654,0.24832303482181278,0.08688101579998789,False
XGBoost,test,0.86,0.49069064410678614,0.5642349852565985,0.9652678612557004,0.1353564127159453,0.9931135577972519,0.23742015890325596,0.08213647920576306,False
XGBoost,test,0.87,0.48659308977541016,0.560889636443747,0.9686243749387194,0.12762452886860642,0.9941547440188875,0.22553314137485267,0.07717628185725528,False
XGBoost,test,0.88,0.4818901719232399,0.5570155046071306,0.9717603589337556,0.11891727788597248,0.9951137313282887,0.21190330257224826,0.07167882438404262,False
XGBoost,test,0.89,0.47682403595859313,0.552838675315959,0.9755823986194996,0.1095543993256402,0.9961229513062777,0.19698777863918676,0.06577653005629881,False
XGBoost,test,0.9,0.47143630062352443,0.5483652630855889,0.9790464718189311,0.09974905289267409,0.9969814732785036,0.18105184173425212,0.05967749258429687,False
XGBoost,test,0.91,0.46560210969187,0.543493367261558,0.9822659748382969,0.0892654710345028,0.9977212634886131,0.1636581647003094,0.05323037108783825,False
XGBoost,test,0.92,0.45896392033416067,0.5379144396181883,0.9848976074198711,0.07750939033094659,0.9983194889054301,0.14370916842817535,0.04609654034747866,False
XGBoost,test,0.93,0.4519965645620195,0.532050517986031,0.9881080552021141,0.06521072128722624,0.9988903146848357,0.12234708129709357,0.038656244324716996,False
XGBoost,test,0.94,0.44580293903989343,0.5268143140838338,0.9901810912511759,0.05439125140895335,0.9992373767587143,0.10311815941341253,0.032175071130213694,False
XGBoost,test,0.95,0.44088436043344026,0.5226531474171232,0.99223559037493,0.04581318812635849,0.9994931067078879,0.08758254276479287,0.027044615291482534,False
LightGBM,test,0.01,0.5900156637811006,0.5051769764675043,0.588263683312496,0.9999192576874756,0.01043469524753289,0.7407410951939468,0.9956300320842666,False
LightGBM,test,0.02,0.6054372994733337,0.5240939429000381,0.5976900382415832,0.998452977292032,0.04973490850804408,0.7477593077467302,0.9784906774017798,False
LightGBM,test,0.03,0.6256280646528241,0.5497818340164059,0.6111483602953318,0.9920840236801054,0.1074796443527064,0.7563601264638387,0.9508388068285005,False
LightGBM,test,0.04,0.6449240268781403,0.5752794388482934,0.6254911849160689,0.9814163493493785,0.1691425283472082,0.7640355927899206,0.9190458714207882,False
LightGBM,test,0.05,0.6608469792360312,0.5968469586204257,0.6385590067393754,0.9700672099009453,0.2236267073399062,0.7701542441829905,0.8898276227374539,False
LightGBM,test,0.06,0.6736863611598765,0.6148297279685966,0.6503195255894507,0.9580559834898119,0.27160347244738126,0.7747475749962129,0.8629173224771475,False
LightGBM,test,0.07,0.6832075942853684,0.6289787086064444,0.6604018395079,0.9452179557984284,0.31273946141446063,0.7775485561027061,0.8383565893819238,False
LightGBM,test,0.08,0.690235486409589,0.6400474393073504,0.6689598780660121,0.9327222755121485,0.3473726031025523,0.7791230966795083,0.8166902506204976,False
LightGBM,test,0.09,0.69590698589503,0.6492644670185713,0.6765603690570782,0.9212633265186821,0.3772656075184605,0.7801740053224514,0.7975948150614444,False
LightGBM,test,0.1,0.7000858859495127,0.6567742209882543,0.6833491898608832,0.909348990882578,0.4041994510939305,0.7803146933091297,0.7794585023306495,True
LightGBM,test,0.11,0.7022084417942974,0.6620627226472642,0.6889667980970731,0.896175075171093,0.42795037012343534,0.7790278996315143,0.7619029602276167,False
LightGBM,test,0.12,0.7026170621708336,0.6656308177094851,0.6937650636103851,0.8813184896665989,0.4499431457523712,0.7763752935804222,0.7440901386282462,False
LightGBM,test,0.13,0.7022557358193595,0.6683103842717288,0.6981215561646118,0.8662648929195451,0.47035587562391257,0.77315703603775,0.7268164689145832,False
LightGBM,test,0.14,0.7016125370785157,0.6705628392767196,0.7022709658862413,0.8516311561976184,0.4894945223558208,0.7697728526680543,0.7103165294509353,False
LightGBM,test,0.15,0.7009258278346147,0.6725435244575853,0.706204617947071,0.8380567586160121,0.5070302902991584,0.7665017878690757,0.6951010957079726,False
LightGBM,test,0.16,0.7004963980870512,0.6747297911343075,0.7103993369876881,0.8249894227570593,0.5244701595115558,0.7634183007121957,0.6802223954234518,False
LightGBM,test,0.17,0.6998834675222471,0.6766016619040889,0.7144151487867848,0.8123710141557422,0.5408323096524356,0.7602507450416196,0.6660531055148616,False
LightGBM,test,0.18,0.699474847145711,0.6785670527879999,0.7185402721045048,0.8004922051371489,0.5566419004388509,0.7573055816966304,0.6525459319571403,False
LightGBM,test,0.19,0.6990189327441129,0.6803737556501659,0.7225859876378907,0.789104309378704,0.5716432019216279,0.7543816585540566,0.6396611477692354,False
LightGBM,test,0.2,0.6987635450087778,0.6823162040009259,0.7268128772271673,0.7782299347279146,0.586402473273937,0.751643120728432,0.6271774169138568,False
LightGBM,test,0.21,0.6979576548217205,0.6836075802818002,0.7305855472149528,0.7672909662271055,0.5999241943364949,0.7484885241253288,0.6151685180701011,False
LightGBM,test,0.22,0.6968698922452933,0.6845995202670442,0.734254944145116,0.7561549864837369,0.6130440540503515,0.7450440660059285,0.6032106967734124,False
LightGBM,test,0.23,0.6958899600460077,0.6855899225271672,0.7379074271760878,0.7456552561630607,0.6255245888912737,0.7417611103525273,0.5918903989345602,False
LightGBM,test,0.24,0.6949384042617592,0.6866439864362084,0.7418079409109133,0.7350134193723415,0.6382745535000753,0.7383950501120993,0.5803752497124524,False
LightGBM,test,0.25,0.693905502754404,0.6875336910813458,0.7455980328631477,0.7246913221392192,0.6503760600234724,0.7349960365034754,0.5693160148919426,False
LightGBM,test,0.26,0.6926531569707609,0.6881779178139857,0.7492927492825852,0.7142755638235684,0.6620802718044031,0.7313652477578771,0.5583665022095768,False
LightGBM,test,0.27,0.6913686512500756,0.6887118035088429,0.7529040055248619,0.7042053826055221,0.6732182244121636,0.7277409062008221,0.5478539863187845,False
LightGBM,test,0.28,0.6897511955929536,0.6889126789123132,0.7563738279585793,0.6938025430598753,0.6840228147647512,0.7237382925678862,0.5372847175979175,False
LightGBM,test,0.29,0.6880164507536776,0.6889378982222674,0.7597185828637065,0.6835644178317782,0.6943113786127564,0.7196323805670356,0.5270256976814577,False
LightGBM,test,0.3,0.6862533294993644,0.6889823445348277,0.7633084513335922,0.673067917203603,0.7048967718660523,0.7153534975602808,0.516492372419638,False
LightGBM,test,0.31,0.6847342454143713,0.6892003462566101,0.7670563008289533,0.6631559909181047,0.7152447015951156,0.7113321346788749,0.5063998274713966,False
LightGBM,test,0.32,0.6829219383739936,0.6891573514996927,0.7707881279339813,0.6527951373749705,0.7255195656244149,0.7069017375003498,0.49607459591984987,False
LightGBM,test,0.33,0.6808164083782311,0.6887985468009705,0.7743329750946217,0.6422501913592806,0.7353469022426603,0.7021338573085539,0.4858269265694049,False
LightGBM,test,0.34,0.6786711514014165,0.6883737444013656,0.7779059132302064,0.6317924470411173,0.744955041761614,0.697276941420111,0.4757211392941461,False
LightGBM,test,0.35,0.6766639929777831,0.688089553311529,0.7817765191989696,0.6214606607304919,0.754718445892566,0.6924607744350079,0.4656248108238997,False
LightGBM,test,0.36,0.6745546794600158,0.6876399510707112,0.7854931611446783,0.6113323450474281,0.7639475570939944,0.6875552803017783,0.45586899933410013,False
LightGBM,test,0.37,0.6723242932380895,0.6871077208327434,0.7893912844250783,0.6008972085767714,0.7733182330887155,0.6823663170248662,0.4458748259579878,False
LightGBM,test,0.38,0.6697741994067438,0.686271832562555,0.7931994112871364,0.5900648199284946,0.7824788451966153,0.6767167938365805,0.4357349869846843,False
LightGBM,test,0.39,0.6673489618015619,0.6854930583367308,0.7970531158548229,0.5796845882303546,0.791301528443107,0.6712090558586724,0.425999984865912,False
LightGBM,test,0.4,0.6645529390398934,0.6843369446709018,0.8006608279892923,0.568965238819612,0.7997086505221914,0.6652154047736825,0.4162384980931049,False
LightGBM,test,0.41,0.6616907046431382,0.6830467703897181,0.8040815757169959,0.5585074945014485,0.8075860462779876,0.65916510860678,0.4068496882377868,False
LightGBM,test,0.42,0.6587546915672862,0.6816809164242899,0.8075725844835793,0.5479851563332655,0.8153766765153141,0.65292355409667,0.39745898662146617,False
LightGBM,test,0.43,0.6555595072340941,0.6801185614266285,0.8112187385628888,0.5369008516699125,0.8233362711833446,0.6461504376622771,0.38766912343362186,False
LightGBM,test,0.44,0.652313245353835,0.6784845303917846,0.8148963750018768,0.5258649923940741,0.831104068389495,0.6392270637609583,0.3779870906229191,False
LightGBM,test,0.45,0.648533506870876,0.676340967708065,0.8182392878618896,0.5141799649255394,0.8385019704905905,0.6315163150838166,0.3680780464919184,False
LightGBM,test,0.46,0.6449183515951329,0.6743425758462078,0.8218728221156892,0.5027533128570829,0.8459318388353327,0.6238730660019117,0.3583071009140989,False
LightGBM,test,0.47,0.6415699346207397,0.6725204061269002,0.8255714394095397,0.4920307337538393,0.8530100784999611,0.6165844734813148,0.34909422483201163,False
LightGBM,test,0.48,0.6380531509171258,0.6705257714460124,0.829228380115885,0.48115958879555076,0.8598919540964741,0.6089664982586943,0.3398756734669169,False
LightGBM,test,0.49,0.6346309552636358,0.6685771193205582,0.832938916898172,0.4706178724723619,0.8665363661687544,0.601425184029519,0.33094845329620437,False
LightGBM,test,0.5,0.6310857951449845,0.6664559880452416,0.8363935196055412,0.4601924250792082,0.872719551011275,0.5937160798104949,0.3222804043828319,False
LightGBM,test,0.51,0.6273344330770628,0.6641280895127336,0.839745175282485,0.44956350705849296,0.8786926719669743,0.5856142771799036,0.3135801955324172,False
LightGBM,test,0.52,0.6237495459773594,0.6619516558464086,0.8434332783367035,0.43917358628285,0.8847297254099671,0.5775949402037596,0.30499349234215145,False
LightGBM,test,0.53,0.6200681790665294,0.6596694690309588,0.8471302216946817,0.4287319904271914,0.8906069476347263,0.5693276635165302,0.29644273261093285,False
LightGBM,test,0.54,0.6164189720927417,0.6573605895955297,0.8506901372398449,0.41860690443662857,0.8961142747544307,0.5611054832593054,0.2882305980991585,False
LightGBM,test,0.55,0.6124860009685816,0.6547713811811006,0.8540382744080441,0.4081814570434749,0.9013613053187263,0.5523643443885746,0.2799503601912949,False
LightGBM,test,0.56,0.6086419426115383,0.6522868141857312,0.857851331773097,0.3977689284203251,0.9068046999511373,0.5435187943379781,0.2715963436043344,False
LightGBM,test,0.57,0.6048168018645197,0.6497421915700134,0.8613243417748763,0.38775688166729644,0.9117275014727305,0.5347681713609952,0.26369256613596465,False
LightGBM,test,0.58,0.6010313880985532,0.6471933786841294,0.8647254833871456,0.37799675092934404,0.9163900064389148,0.526044218313879,0.25604417640293,False
LightGBM,test,0.59,0.597109767540408,0.6445095800759304,0.8681067576625434,0.3680945137213486,0.9209246464305122,0.516979463161834,0.24836551849385555,False
LightGBM,test,0.6,0.5930424813850718,0.6416713577474228,0.8713632291224596,0.3580889263533219,0.9252537891415237,0.5075846535231385,0.24071145347781342,False
LightGBM,test,0.61,0.5890508656698348,0.6389010715532704,0.8749046467466282,0.3481963782228294,0.9296057648837114,0.4981414013533463,0.23311414129184577,False
LightGBM,test,0.62,0.585032765300563,0.6360553694191076,0.8781691438912814,0.3385137601049004,0.9335969787333147,0.4886603369379996,0.22578924269023548,False
LightGBM,test,0.63,0.5812284339245717,0.6334195516428025,0.8820392509933946,0.32906367984704177,0.9377754234385631,0.4793103448275862,0.21852298867970216,False
LightGBM,test,0.64,0.5772406017313396,0.630572280317095,0.8855099830855834,0.3195651542016685,0.9415794064325216,0.4696439674772051,0.21138348265633514,False
LightGBM,test,0.65,0.5734249197893335,0.6278873345081261,0.8894824553282104,0.3102862476463616,0.9454884213698905,0.4600789680990908,0.2043291058780798,False
LightGBM,test,0.66,0.5696035625643199,0.6251353776717622,0.8930349211211518,0.30129801341614265,0.9489727419273818,0.4505772885670058,0.19762092136327866,False
LightGBM,test,0.67,0.5656932925721896,0.6223269083107723,0.8970172497594556,0.29206432255584946,0.9525894940656952,0.44065393236526657,0.1907141019432169,False
LightGBM,test,0.68,0.5617432955990072,0.6194524412488998,0.9008813517488199,0.28291783339308263,0.9559870491047169,0.4306058043965551,0.1839491645983413,False
LightGBM,test,0.69,0.557974907682063,0.6167102718935915,0.9048441247002398,0.27419120425544286,0.9592293395317402,0.42085303827964665,0.17749447605787275,False
LightGBM,test,0.7,0.5539095132877293,0.61367179043746,0.9083687378297044,0.26516421371521215,0.9621793671597079,0.41049871128543963,0.17098492644833221,False
LightGBM,test,0.71,0.5497230461892366,0.6105038890034791,0.9117379854410801,0.2560564808624571,0.9649512971445011,0.39982450124059465,0.16450186149282645,False
LightGBM,test,0.72,0.5455781978327986,0.6073688403595403,0.9153662039253231,0.2470327200147274,0.9677049607043533,0.3890667799291431,0.15807554936739512,False
LightGBM,test,0.73,0.5414617258913977,0.6042760627447715,0.9195996205880884,0.23797020285698597,0.9705819226325572,0.3780978111666166,0.151575458562867,False
LightGBM,test,0.74,0.5376101004903444,0.6013578924263019,0.9235015977761035,0.22960852897195658,0.9731072558806472,0.3677772633332385,0.1456315454930686,False
LightGBM,test,0.75,0.5336846964101943,0.5983279457527624,0.9268530163495476,0.22135666463196038,0.9752992268735644,0.35736520202099203,0.13989005085053574,False
LightGBM,test,0.76,0.5298633391851807,0.5953794625974613,0.930411753933708,0.21331795999702868,0.9774409651978939,0.3470637072535048,0.13429422180519401,False
LightGBM,test,0.77,0.5261025183122465,0.5924920129183157,0.9344896009406923,0.20533738982711455,0.9796466360095168,0.3366925981433133,0.1287059598038622,False
LightGBM,test,0.78,0.5226254615896846,0.5898354264100021,0.9388493066727955,0.19789617830486358,0.9817746745151406,0.32688881064413217,0.1234657818269871,False
LightGBM,test,0.79,0.5189138265028149,0.5869271277878586,0.942391043582567,0.1903031712350667,0.9835510843406505,0.31666093424192265,0.11828235668018645,False
LightGBM,test,0.8,0.5154197439312307,0.5842319432160739,0.946972483199037,0.18294916141034212,0.9855147250218056,0.3066545764592835,0.1131613596464677,False
LightGBM,test,0.81,0.5119861977117259,0.5815590216221508,0.9513200887630829,0.17584060821569178,0.9872774350286098,0.2968178423259136,0.10826737393304679,False
LightGBM,test,0.82,0.5086150796053029,0.5789520906349694,0.9564230677721042,0.1687772707160551,0.9891269105538837,0.28692219422070686,0.10336392941461348,False
LightGBM,test,0.83,0.5049999243295599,0.5760873786733071,0.9606268966311988,0.16153630012886472,0.9906384572177495,0.2765660380488425,0.09849642835522732,False
LightGBM,test,0.84,0.5012258611296083,0.5730743189461283,0.9648512548789613,0.15408539952911082,0.9920632383631457,0.2657335256799434,0.09354190628972699,False
LightGBM,test,0.85,0.49730424057146316,0.5699072260229917,0.9686552504590682,0.14651822999932176,0.9932962220466616,0.2545355592897961,0.08859873479024154,False
LightGBM,test,0.86,0.4930061595738241,0.5664120941273366,0.9725716361654784,0.13834064858684805,0.9944835396678251,0.24222648860940596,0.08331693807131182,False
LightGBM,test,0.87,0.4885907893940311,0.5627814135501931,0.9757591901971231,0.13013399994186553,0.9954288271585207,0.22964142926755596,0.07811837883649131,False
LightGBM,test,0.88,0.4841110993401538,0.5590844644337917,0.9789602033933482,0.12187244652436642,0.996296482343217,0.2167600589362185,0.07291981960167081,False
LightGBM,test,0.89,0.4788557872752588,0.5546839840289278,0.9807670646542014,0.1124869601165273,0.9968810079413283,0.20182593100171237,0.06718021672014045,False
LightGBM,test,0.9,0.47328265936194686,0.5500122094539818,0.9828226555246053,0.10255888536852406,0.9974655335394395,0.18573596890655297,0.06112279799019311,False
LightGBM,test,0.91,0.46749576245535446,0.5451566203389964,0.9852063864271182,0.09227231475291238,0.9980409259250803,0.1687407346157708,0.05485917731097524,False
LightGBM,test,0.92,0.46167670561171986,0.5402648888984798,0.9877028446900417,0.08197282536729678,0.9985569524296628,0.1513819470124417,0.04861258248077971,False
LightGBM,test,0.93,0.45588791694412495,0.5353755990076214,0.9894132823272986,0.07183805029923102,0.9989131477160119,0.13395040167656305,0.042528679096797625,False
LightGBM,test,0.94,0.44943512016465886,0.5299174927122402,0.991384778012685,0.06057934224082525,0.9992556431836552,0.11418153262699096,0.03579211816695926,False
LightGBM,test,0.95,0.4429009776620861,0.5243812580888153,0.9934167644374918,0.049223743407390184,0.9995387727702404,0.09379971628062984,0.029023397300078697,False
Ensemble,test,0.01,0.594118893395484,0.5101475092650392,0.5907074369126556,0.9998320559899492,0.020462962540129054,0.7426514509980785,0.9914246473757491,False
Ensemble,test,0.02,0.6143380349900115,0.5350180358794431,0.6032859952616355,0.9975777306242672,0.07245834113461899,0.7518749589225163,0.9685646074217568,False
Ensemble,test,0.03,0.6363184060778497,0.5633659374816974,0.6185839670904286,0.9887929670216099,0.1379389079417849,0.7610554353378683,0.9362930564804165,False
Ensemble,test,0.04,0.6553608723288334,0.589125768032887,0.6337166358905489,0.9753800540650525,0.20287148200072153,0.7682752322284647,0.9015376233428174,False
Ensemble,test,0.05,0.6698971638719051,0.6096486445317751,0.6468934660387942,0.9609917739732,0.2583055150903503,0.7732632703260035,0.8701457412676312,False
Ensemble,test,0.06,0.6808504600762758,0.6259472134559572,0.6583514246032282,0.9461190400062011,0.30577538690571326,0.776429147898271,0.8417693262304013,False
Ensemble,test,0.07,0.6895941794297475,0.6393569566588682,0.6685325082561754,0.9323185639495264,0.34639534936821004,0.7786923829112857,0.8168586173497185,False
Ensemble,test,0.08,0.6956515981596949,0.6494903181345321,0.6770145090348255,0.9186828022104016,0.38029783405866263,0.7795483290146743,0.7948271687148133,True
Ensemble,test,0.09,0.7000858859495127,0.6577428149887309,0.6846479114217975,0.9046691664486625,0.4108164635287993,0.7794289307791089,0.7739761789454568,False
Ensemble,test,0.1,0.7022462770143472,0.6636304649960798,0.6911626575316319,0.8888210653463684,0.4384398646457912,0.7776281751509252,0.753250045402264,False
Ensemble,test,0.11,0.7026170621708336,0.6674617210685639,0.6965017764416507,0.8724723619064229,0.46245108023070497,0.7746189501936254,0.7337270718566499,False
Ensemble,test,0.12,0.702779753617047,0.6709154754502213,0.7017263545507934,0.856734070349162,0.4850968805512807,0.7715215175183852,0.715127277680247,False
Ensemble,test,0.13,0.7024486954416127,0.6737752930887808,0.7067323481116584,0.8409860897143983,0.5065644964631635,0.7680364327092108,0.6970098825594769,False
Ensemble,test,0.14,0.7022670863853744,0.6765454350993105,0.7116855813591326,0.8265429048500292,0.5265479653485919,0.7648261269769165,0.6802715812095164,False
Ensemble,test,0.15,0.7017373933046794,0.6787818116687852,0.716303274091661,0.8126487677108263,0.5449148556267439,0.7614404599788168,0.6645245626248563,False
Ensemble,test,0.16,0.7017600944367093,0.6814175300017518,0.7212431250491328,0.8000465075720141,0.5627885524314895,0.7586037936926949,0.649738558629457,False
Ensemble,test,0.17,0.7013817422362129,0.6835564873933071,0.7259289471882248,0.7875056115907204,0.5796073631958937,0.7554646036206581,0.6354254948846783,False
Ensemble,test,0.18,0.7009655548156668,0.685570232355321,0.730619052111643,0.775349049017043,0.595791415693599,0.7523197693549145,0.6216005054785398,False
Ensemble,test,0.19,0.7004963980870512,0.6873890272840835,0.7351715133900123,0.7638255061735573,0.6109525483946096,0.7492246428922167,0.6085700556934439,False
Ensemble,test,0.2,0.6996053786548823,0.6887240469785672,0.7394571905738616,0.7521792350150343,0.6252688589421,0.7457639601588906,0.5958176947757128,False
Ensemble,test,0.21,0.6987786790967976,0.6900177136567003,0.7437308571150761,0.7411078491216851,0.6389275781917153,0.74241703631087,0.5836744809007809,False
Ensemble,test,0.22,0.6977590199164598,0.6910851679855071,0.7479500195236236,0.7300041663033262,0.652166169667688,0.7388681403996241,0.5716863914280526,False
Ensemble,test,0.23,0.6964404624977298,0.6917838389393243,0.7519279293886361,0.7189392397949791,0.6646284380836693,0.7350636485214721,0.5600426024577759,False
Ensemble,test,0.24,0.6953148647012531,0.6926251651340758,0.7561022699065009,0.7083103217742639,0.6769400084938876,0.7314264369675312,0.5487166293359163,False
Ensemble,test,0.25,0.6937655124402203,0.6929109132772491,0.7597327942339809,0.6978945634586131,0.687927263095885,0.7275019695245534,0.5380641231309401,False
Ensemble,test,0.26,0.6922388613112174,0.6932421093932464,0.763593897993743,0.6873916034454359,0.6990926153410569,0.723491769424922,0.5272867606998002,False
Ensemble,test,0.27,0.6910867788607059,0.6939057457473161,0.7678217803661175,0.6774667583899336,0.7103447331046986,0.7198199094743127,0.5168120800290574,False
Ensemble,test,0.28,0.6896793086748593,0.6942878744551921,0.7719165212973789,0.6674127256343924,0.721163023275992,0.7158708273864786,0.5064414462134512,False
Ensemble,test,0.29,0.6880580694957322,0.6944353859011265,0.7759217600183017,0.6572456536413168,0.7316251181609363,0.7116701084286157,0.49615215812095165,False
Ensemble,test,0.3,0.6862552212603669,0.6943175767239371,0.7796549510824111,0.6473014304308087,0.7413337230170655,0.7073401424406909,0.4863055421030329,False
Ensemble,test,0.31,0.6846907349113143,0.694413265027316,0.7836844528409722,0.637715703087909,0.7511108269667232,0.7032050471613279,0.4766405351413524,False
Ensemble,test,0.32,0.6831659755433137,0.6944867147251161,0.7877030068492041,0.6284690934576119,0.7605043359926204,0.6991339463912637,0.467333071009141,False
Ensemble,test,0.33,0.6813082662388764,0.6942044265980469,0.791475672505926,0.6189996350447474,0.7694092181513464,0.69469227827707,0.4580974937950239,False
Ensemble,test,0.34,0.6792178703311339,0.693680062685804,0.7951356841524113,0.6093428544668262,0.7780172709047817,0.6899503753844354,0.44887515890792423,False
Ensemble,test,0.35,0.6768720866880562,0.6929336837885423,0.798816950159505,0.599269443556279,0.7865979240208054,0.6848025864168825,0.43942013741751923,False
Ensemble,test,0.36,0.6744809007809189,0.6921325056164576,0.8025753716339576,0.5891960326457318,0.7950689785871834,0.6795285826563414,0.4300105181911738,False
Ensemble,test,0.37,0.671891079968521,0.6911363672271206,0.8063057794731538,0.5789062323376192,0.803366502116622,0.6739407930727858,0.4205460378957564,False
Ensemble,test,0.38,0.6690988407288577,0.6899032684297364,0.8098405601096667,0.5685809054119957,0.8112256314474772,0.6680973714120904,0.41124235728555,False
Ensemble,test,0.39,0.6660966160179188,0.6884722049062684,0.8133588810477701,0.5579875140087912,0.8189568958037455,0.661895640180829,0.401834629820207,False
Ensemble,test,0.4,0.6632211392941462,0.6872415831292474,0.8175273004521524,0.5471648144380173,0.8273183518204775,0.6555649714234858,0.3920315243053454,False
Ensemble,test,0.41,0.6603532296143835,0.6859592649897879,0.821636082224431,0.5366360168848324,0.8352825130947433,0.6492359149288665,0.38256515224892546,False
Ensemble,test,0.42,0.6575515315697076,0.6847267819004241,0.8259511957744908,0.5262525554941914,0.8432010083066568,0.6428896933350431,0.3732028270476421,False
Ensemble,test,0.43,0.654409316544585,0.6831173955501121,0.829886646535729,0.5157043797860006,0.8505304113142236,0.6361162789771211,0.36398805920455235,False
Ensemble,test,0.44,0.651268993280465,0.6814307461357288,0.8336076006667625,0.505540537485426,0.8573209547860317,0.6293888218737435,0.35522163871905077,False
Ensemble,test,0.45,0.6479546280041165,0.6796142476585804,0.8375384581755387,0.4949891320847342,0.8642393632324266,0.6222346727078588,0.34617523760518193,False
Ensemble,test,0.46,0.6446591803377928,0.6777931754810557,0.8415703299846871,0.48457014407658244,0.8710162068855288,0.6150175852824713,0.3372650432834917,False
Ensemble,test,0.47,0.6411405048731763,0.675740107120211,0.8454691577801207,0.47397029328837603,0.877509920952046,0.6074204683736062,0.3283661995278164,False
Ensemble,test,0.48,0.6375631848174829,0.6736062295097132,0.8493672084956255,0.4634188878876842,0.8837935711317421,0.5996602314020574,0.31958275319329255,False
Ensemble,test,0.49,0.6341277468369756,0.6716021553072745,0.8536083728854813,0.453067723422053,0.8901365871924961,0.5919483845921762,0.3108920031478903,False
Ensemble,test,0.5,0.6304369211211333,0.6693032043212997,0.8574583492345519,0.4426519651064022,0.8959544435361972,0.5838821815331396,0.3023809703977238,False
Ensemble,test,0.51,0.6268482504994249,0.6670700644131029,0.8614305930786055,0.43251396034583545,0.9016261684803705,0.5758836518758856,0.29409316544585024,False
Ensemble,test,0.52,0.6233144409467886,0.6648189147300585,0.8651901495023199,0.42278289684039183,0.906854932619725,0.568005050669409,0.28622722319753013,False
Ensemble,test,0.53,0.6198790029662813,0.6626858283522631,0.869464424109753,0.41305506302744915,0.912316593677077,0.5600486949362959,0.2782666928990859,False
Ensemble,test,0.54,0.616278981778558,0.6603126502774723,0.8731350063243813,0.4035274701495671,0.9170978304053776,0.5519610181920994,0.27070532417216536,False
Ensemble,test,0.55,0.6127546310309341,0.6580261251293166,0.8772308267541021,0.3940224851191918,0.9220297651394413,0.5437919683709196,0.2630947696591803,False
Ensemble,test,0.56,0.60898624311399,0.6554758028948757,0.8809886888546725,0.3843689342337716,0.9265826715559797,0.5352236825832275,0.2555542103032871,False
Ensemble,test,0.57,0.6054486500393487,0.6530877321459034,0.8847770467836257,0.3752773498435214,0.9308981144482855,0.5270197639214886,0.24844118893395484,False
Ensemble,test,0.58,0.601634859858345,0.6504658992149612,0.8886796006780938,0.3657045412706256,0.9352272571592969,0.5181732689918384,0.2410406198922453,False
Ensemble,test,0.59,0.5977510745202494,0.647738861905786,0.8923650720451769,0.3562318531652601,0.9392458706463118,0.5091937308127322,0.23382733518978147,False
Ensemble,test,0.6,0.5937764846540348,0.6449176005549089,0.8960782022171765,0.3466848821323722,0.9431503189774455,0.49994527489468327,0.2266178340093226,False
Ensemble,test,0.61,0.590017555542103,0.6422349766096224,0.8996653216439676,0.33772571513466204,0.9467442380845826,0.49109797162434426,0.21988127307948424,False
Ensemble,test,0.62,0.5861734971850596,0.6394549516789799,0.9031757158448611,0.32874071059694404,0.9501691927610157,0.482030469353059,0.21319957321871785,False
Ensemble,test,0.63,0.5823861916580907,0.6367160191103137,0.906856865563684,0.31988812345176615,0.9535439147688612,0.4729470975012296,0.20661624493008052,False
Ensemble,test,0.64,0.5785515921060597,0.6338899234046859,0.9102159578287075,0.31118087246913223,0.9565989743402395,0.463799788678664,0.20025046915672862,False
Ensemble,test,0.65,0.5746999667050063,0.6310138658688456,0.9133604975337766,0.30261572795654124,0.95941200378115,0.454609631428412,0.19406819420061747,False
Ensemble,test,0.66,0.5707253768387917,0.6280462124640662,0.9168254160241097,0.29377605958136727,0.9623163653467652,0.444971137853439,0.18768728433924572,False
Ensemble,test,0.67,0.5668718596767359,0.6251197427306747,0.9197731293578937,0.28544345292884665,0.9647960325325028,0.43567807116783375,0.18177931472849446,False
Ensemble,test,0.68,0.5632604879229978,0.6224200270233597,0.923297683667437,0.2774273561414218,0.9674126979052977,0.426655606935842,0.17599998486591198,False
Ensemble,test,0.69,0.5595166928990859,0.619584544545028,0.9266820778412501,0.2692949904239617,0.9698740986660943,0.41731710063687893,0.17021687148132453,False
Ensemble,test,0.7,0.5556139899509656,0.6165913559050399,0.9299103598264732,0.26099791038895187,0.9721848014211278,0.4075958943837793,0.16439970639869242,False
Ensemble,test,0.71,0.5518304679460015,0.6136511052275317,0.9326725132977141,0.2531400685340749,0.9741621419209886,0.39820252804422046,0.15897791936557903,False
Ensemble,test,0.72,0.5480942399660996,0.6107652633004956,0.9358750030805629,0.24529514544920178,0.9762353811517894,0.38870876526750275,0.15352397239542345,False
Ensemble,test,0.73,0.5445036775833888,0.6079663309501876,0.9387458577619169,0.23787977146695863,0.9780528904334166,0.37957468299633845,0.14842756825473696,False
Ensemble,test,0.74,0.5409414916157153,0.6052123434565181,0.9421941652689549,0.23041272240469984,0.9800119645083364,0.3702750255614435,0.14324225134693383,False
Ensemble,test,0.75,0.5372166142018282,0.6022606549809988,0.944763781682816,0.22295213272744302,0.9815691772345546,0.3607677131919675,0.13822719292935406,False
Ensemble,test,0.76,0.5334349839578667,0.5992431412394195,0.9471741506835701,0.21547862428018227,0.9830076581986565,0.35108639025853405,0.13325375325382893,False
Ensemble,test,0.77,0.5296968642169623,0.5962600951341327,0.9497354107398182,0.20809231753044793,0.9844278727378174,0.3413852300062522,0.1283389581693807,False
Ensemble,test,0.78,0.525943610388038,0.5932815101373875,0.9528558059616771,0.20059620123568034,0.9859668190390947,0.3314212534350738,0.12331065742478359,False
Ensemble,test,0.79,0.522426826684424,0.5904753688197996,0.9556887372884058,0.1936459029735779,0.9873048346660213,0.3220388597209727,0.11868530177371511,False
Ensemble,test,0.8,0.5188570736727405,0.5876186641522608,0.9586105074567443,0.1866310108614559,0.9886063174430658,0.3124344431588395,0.11403724499061686,False
Ensemble,test,0.81,0.5154651461952903,0.5849297979970792,0.9622256782443408,0.17984219722440226,0.9900173987697563,0.3030446507046316,0.10947620921363278,False
Ensemble,test,0.82,0.5118991767056117,0.5820609485140974,0.9653089558428445,0.17290804742480467,0.9912138496033902,0.2932827154001227,0.10491895695865368,False
Ensemble,test,0.83,0.508352124825958,0.5792089159504876,0.9686958160572936,0.1660029648577159,0.9924148670432594,0.2834344765596782,0.10037683879169441,False
Ensemble,test,0.84,0.5048126399903142,0.5763506420914043,0.9720518332971736,0.15917216521814959,0.993529118964659,0.2735507648586843,0.0959141745868394,False
Ensemble,test,0.85,0.5012031599975786,0.5734065491032346,0.9749498790897629,0.1523478249635852,0.9944652732428841,0.2635177788329935,0.09152907258308614,False
Ensemble,test,0.86,0.49737801925055997,0.5702790320993765,0.9781061611786981,0.1451520700714085,0.9954059941273444,0.2527898395842239,0.08692452630304498,False
Ensemble,test,0.87,0.4935018009564744,0.5670918712819438,0.9810731348768835,0.13794662610172886,0.9962371164621588,0.24188264342527388,0.08235970700405594,False
Ensemble,test,0.88,0.48942883951813065,0.5637287449720548,0.9840654922885754,0.13044405042195933,0.9970134395221503,0.23035332363760802,0.07764354682486833,False
Ensemble,test,0.89,0.484712679338943,0.5598045387133913,0.9868744443863411,0.1219015137568752,0.9977075636699074,0.21699873229598157,0.0723522913009262,False
Ensemble,test,0.9,0.4795368212361523,0.5554571757999709,0.9887812340642529,0.11272272766909862,0.9981916239308433,0.2023744292237443,0.0667753798656093,False
Ensemble,test,0.91,0.47344345904715784,0.5503145802314553,0.9903451302467007,0.10203567518336579,0.9985934852795448,0.18500972101848165,0.060349067740177974,False
Ensemble,test,0.92,0.46593127610630186,0.5439514915789334,0.9915772802534015,0.0889715690169139,0.9989314141409529,0.16329143561671444,0.05255690417095466,False
Ensemble,test,0.93,0.4572064743628549,0.5365546233935826,0.993135806759927,0.07383077057233381,0.9992784762148315,0.1374438214913797,0.04354455475513046,False
Ensemble,test,0.94,0.44903974211514014,0.5296200972579161,0.9944596847937174,0.05971055495806244,0.9995296395577699,0.1126568317398802,0.03516972879714268,False
Ensemble,test,0.95,0.44164674011744054,0.5233360163856925,0.9956858179826064,0.04695972896420532,0.9997123038071796,0.08968941800573667,0.027625385919244506,False
